scientific_name,author,year,extinct
Aix galericulata,Linnaeus,1758,0
Aix sponsa,Linnaeus,1758,0
Alopochen aegyptiaca,Linnaeus,1766,0
Alopochen kervazoi,Cowles,1994,1
Alopochen mauritiana,E. Newton & Gadow,1893,1
Amazonetta brasiliensis,J. F. Gmelin,1789,0
Anas acuta,Linnaeus,1758,0
Anas albogularis,Hume,1873,0
Anas andium,P. L. Sclater & Salvin,1873,0
Anas aucklandica,G. R. Gray,1844,0
Anas bahamensis,Linnaeus,1758,0
Anas bernieri,Hartlaub,1860,0
Anas capensis,J. F. Gmelin,1789,0
Anas carolinensis,J. F. Gmelin,1789,0
Anas castanea,Eyton,1838,0
Anas chlorotis,G. R. Gray,1845,0
Anas crecca,Linnaeus,1758,0
Anas diazi,Ridgway,1886,0
Anas eatoni,Sharpe,1875,0
Anas erythrorhyncha,J. F. Gmelin,1789,0
Anas flavirostris,Vieillot,1816,0
Anas fulvigula,Ridgway,1874,0
Anas georgica,J. F. Gmelin,1789,0
Anas gibberifrons,S. Müller,1842,0
Anas gracilis,Buller,1869,0
Anas laysanensis,Rothschild,1892,0
Anas luzonica,Fraser,1839,0
Anas melleri,P. L. Sclater,1865,0
Anas nesiotis,J.,H. Fleming,1935
Anas platyrhynchos,Linnaeus,1758,0
Anas poecilorhyncha,J. R. Forster,1781,0
Anas rubripes,Brewster,1902,0
Anas sparsa,Eyton,1838,0
Anas superciliosa,J. F. Gmelin,1789,0
Anas theodori,E. Newton & Gadow,1893,1
Anas undulata,C. F. Dubois,1838,0
Anas wyvilliana,P. L. Sclater,1878,0
Anas zonorhyncha,Swinhoe,1866,0
Anser albifrons,Scopoli,1769,0
Anser anser,Linnaeus,1758,0
Anser brachyrhynchus,Baillon,1834,0
Anser caerulescens,Linnaeus,1758,0
Anser canagicus,Sevastianov,1802,0
Anser cygnoides,Linnaeus,1758,0
Anser erythropus,Linnaeus,1758,0
Anser fabalis,Latham,1787,0
Anser indicus,Latham,1790,0
Anser rossii,Cassin,1861,0
Anser serrirostris,Gould,1852,0
Asarcornis scutulata,S. Müller,1842,0
Aythya affinis,Eyton,1838,0
Aythya americana,Eyton,1838,0
Aythya australis,Eyton,1838,0
Aythya baeri,Radde,1863,0
Aythya collaris,Donovan,1809,0
Aythya ferina,Linnaeus,1758,0
Aythya fuligula,Linnaeus,1758,0
Aythya innotata,Salvadori,1894,0
Aythya marila,Linnaeus,1761,0
Aythya novaeseelandiae,J. F. Gmelin,1789,0
Aythya nyroca,Güldenstädt,1770,0
Aythya valisineria,A. Wilson,1814,0
Biziura lobata,Shaw,1796,0
Branta bernicla,Linnaeus,1758,0
Branta canadensis,Linnaeus,1758,0
Branta hutchinsii,Richardson,1832,0
Branta leucopsis,Bechstein,1803,0
Branta ruficollis,Pallas,1769,0
Branta sandvicensis,Vigors,1834,0
Bucephala albeola,Linnaeus,1758,0
Bucephala clangula,Linnaeus,1758,0
Bucephala islandica,J. F. Gmelin,1789,0
Cairina moschata,Linnaeus,1758,0
Callonetta leucophrys,Vieillot,1816,0
Camptorhynchus labradorius,J. F. Gmelin,1789,1
Cereopsis novaehollandiae,Latham,1801,0
Chenonetta finschi,Van Beneden,1875,1
Chenonetta jubata,Latham,1801,0
Chloephaga hybrida,Molina,1782,0
Chloephaga melanoptera,Eyton,1838,0
Chloephaga picta,J. F. Gmelin,1789,0
Chloephaga poliocephala,P. L. Sclater,1857,0
Chloephaga rubidiceps,P. L. Sclater,1861,0
Clangula hyemalis,Linnaeus,1758,0
Coscoroba coscoroba,Molina,1782,0
Cyanochen cyanoptera,Rüppell,1845,0
Cygnus atratus,Latham,1790,0
Cygnus buccinator,Richardson,1831,0
Cygnus columbianus,Ord,1815,0
Cygnus cygnus,Linnaeus,1758,0
Cygnus melancoryphus,Molina,1782,0
Cygnus olor,J. F. Gmelin,1789,0
Dendrocygna arborea,Linnaeus,1758,0
Dendrocygna arcuata,Horsfield,1824,0
Dendrocygna autumnalis,Linnaeus,1758,0
Dendrocygna bicolor,Vieillot,1816,0
Dendrocygna eytoni,Eyton,1838,0
Dendrocygna guttata,Schlegel,1866,0
Dendrocygna javanica,Horsfield,1821,0
Dendrocygna viduata,Linnaeus,1766,0
Heteronetta atricapilla,Merrem,1841,0
Histrionicus histrionicus,Linnaeus,1758,0
Hymenolaimus malacorhynchos,J. F. Gmelin,1789,0
Lophodytes cucullatus,Linnaeus,1758,0
Lophonetta specularioides,P. P. King,1828,0
Malacorhynchus membranaceus,Latham,1801,0
Mareca americana,J. F. Gmelin,1789,0
Mareca falcata,Georgi,1775,0
Mareca marecula,Olson & Jouventin,1996,1
Mareca penelope,Linnaeus,1758,0
Mareca sibilatrix,Poeppig,1829,0
Mareca strepera,Linnaeus,1758,0
Marmaronetta angustirostris,Ménétries,1832,0
Melanitta americana,Swainson,1832,0
Melanitta deglandi,Bonaparte,1850,0
Melanitta fusca,Linnaeus,1758,0
Melanitta nigra,Linnaeus,1758,0
Melanitta perspicillata,Linnaeus,1758,0
Melanitta stejnegeri,Ridgway,1887,0
Merganetta armata,Gould,1842,0
Mergellus albellus,Linnaeus,1758,0
Mergus australis,Hombron & Jacquinot,1841,1
Mergus merganser,Linnaeus,1758,0
Mergus octosetaceus,Vieillot,1817,0
Mergus serrator,Linnaeus,1758,0
Mergus squamatus,Gould,1864,0
Neochen jubata,Spix,1825,0
Netta erythrophthalma,Wied-Neuwied,1833,0
Netta peposaca,Vieillot,1816,0
Netta rufina,Pallas,1773,0
Nettapus auritus,Boddaert,1783,0
Nettapus coromandelianus,J. F. Gmelin,1789,0
Nettapus pulchellus,Gould,1842,0
Nomonyx dominicus,Linnaeus,1766,0
Oxyura australis,Gould,1837,0
Oxyura ferruginea,Eyton,1838,0
Oxyura jamaicensis,J. F. Gmelin,1789,0
Oxyura leucocephala,Scopoli,1769,0
Oxyura maccoa,Eyton,1838,0
Oxyura vittata,Philippi,1860,0
Plectropterus gambensis,Linnaeus,1766,0
Polysticta stelleri,Pallas,1769,0
Pteronetta hartlaubii,Cassin,1860,0
Radjah radjah,Garnot & R. Lesson,1828,0
Rhodonessa caryophyllacea,Latham,1790,1
Salvadorina waigiuensis,Rothschild & E. Hartert,1894,0
Sarkidiornis melanotos,Pennant,1769,0
Sarkidiornis sylvicola,H. Ihering & R. Ihering,1907,0
Sibirionetta formosa,Georgi,1775,0
Somateria fischeri,J. F. Brandt,1847,0
Somateria mollissima,Linnaeus,1758,0
Somateria spectabilis,Linnaeus,1758,0
Spatula clypeata,Linnaeus,1758,0
Spatula cyanoptera,Vieillot,1816,0
Spatula discors,Linnaeus,1766,0
Spatula hottentota,Eyton,1838,0
Spatula platalea,Vieillot,1816,0
Spatula puna,Tschudi,1844,0
Spatula querquedula,Linnaeus,1758,0
Spatula rhynchotis,Latham,1801,0
Spatula smithii,E. Hartert,1891,0
Spatula versicolor,Vieillot,1816,0
Speculanas specularis,P. P. King,1828,0
Stictonetta naevosa,Gould,1841,0
Tachyeres brachypterus,Latham,1790,0
Tachyeres leucocephalus,Humphrey & Thompson,1981,0
Tachyeres patachonicus,P. P. King,1831,0
Tachyeres pteneres,J. R. Forster,1844,0
Tadorna cana,J. F. Gmelin,1789,0
Tadorna cristata,Kuroda,1917,1
Tadorna ferruginea,Pallas,1764,0
Tadorna tadorna,Linnaeus,1758,0
Tadorna tadornoides,Jardine & Selby,1828,0
Tadorna variegata,J. F. Gmelin,1789,0
Thalassornis leuconotus,Eyton,1838,0